201,Shea,Willis,sit.amet@aol.couk,fringilla,(594) 726-7524
202,Ryan,Atkins,justo.eu@outlook.couk,ridiculus,(268) 873-1240
203,Paki,Chang,convallis.ante@google.com,euismod,(802) 412-0214
204,Eleanor,Lara,mattis.integer@yahoo.com,Proin,(303) 358-6312
205,Zena,Kemp,id.ante@aol.ca,neque,(347) 128-2322
206,Adele,Stewart,pede.suspendisse@google.com,primis,(563) 266-9593
207,Eugenia,Pittman,nunc.est@icloud.net,lectus.,(739) 678-6541
208,Jermaine,Buckner,et.risus@protonmail.org,non,(532) 353-0889
209,Dacey,Maddox,sed.dictum@protonmail.com,libero,(931) 946-2341
210,Hillary,Shaw,duis.volutpat@protonmail.ca,lorem,(368) 812-2263
