101,Brandon,Baxter,placerat.velit@yahoo.couk,"P.O. Box 636, 4229 Ac Ave",et,381344541502
102,Frances,Horne,a.neque@protonmail.ca,"Ap #251-155 Eget, Av.",tincidunt,693591402203
103,Jermaine,Vargas,enim@google.couk,7408 Interdum. Ave,ac,342788275162
104,Jasmine,Foreman,elit.curabitur@hotmail.ca,235-803 Fermentum St.,Suspendisse,136198546203
105,Ginger,Lawrence,ac.urna@protonmail.edu,923-5683 Ipsum Avenue,"convallis,",637856061269
106,Hamilton,Pate,ut.nulla@google.net,410-4538 Est. Street,ornare.,665989253137
107,Elvis,Huber,sit.amet@hotmail.ca,Ap #169-8701 Nunc St.,"et,",221769618228
108,Eaton,Prince,auctor@google.net,"P.O. Box 633, 5385 Tempus Rd.",eu,466399612908
109,Claudia,Blankenship,id@outlook.edu,550-1927 Morbi Av.,egestas,147513967747
110,Kerry,Walton,commodo@yahoo.org,5216 Orci Rd.,"scelerisque,",694549157556
