1001,2,sit amet ultricies sem magna nec,609,103
1002,3,consectetuer adipiscing elit. Curabitur sed tortor.,608,109
1003,2,"""""",601,107
1004,1,"rutrum. Fusce dolor quam, elementum at, egestas a, scelerisque",603,105
1005,4,"magna. Lorem ipsum dolor sit amet, consectetuer adipiscing",603,107
1006,5,dapibus ligula. Aliquam erat volutpat.,608,106
1007,2,Curae Phasellus ornare. Fusce mollis. Duis sit amet diam eu,602,108
1008,3,ante,607,107
1009,1,"congue a, aliquet vel, vulputate",605,101
1010,4,placerat velit. Quisque varius. Nam porttitor scelerisque neque. Nullam,604,108
