501,Mauris,"ornare,",2023-05-06,104,682,Praesent,aliquam
502,odio,"urna,",2023-06-25,103,628,accumsan,"ornare,"
503,a,nibh,2022-08-09,104,941,nascetur,iaculis
504,ornare,dolor.,2022-09-13,110,290,Vestibulum,"mauris,"
505,convallis,Praesent,2022-10-10,107,559,In,sociis
506,Donec,aliquet,2022-02-22,107,480,Vivamus,nisi
507,ac,ante.,2023-04-16,107,385,Phasellus,Quisque
508,rhoncus.,nonummy,2023-06-16,102,177,arcu.,in
509,arcu.,ipsum,2022-03-29,103,885,vitae,volutpat
510,ipsum,adipiscing,2024-02-07,107,887,eros.,"non,"
